CAPS categ.,Risk Group,Scientific name,Common Name,Model,Predicted pest impact in US,Prob pest will cause high impacts,Prob pest will cause mod impacts,Prob pest will cause low impacts,Primary host(s),"Other important hosts (alternate, secondary, etc)",States at risk,Non-plant impacts?,Date completed
CATEGORY 1,Predicted to be a HIGH impact pest in the United States (low uncertainty),,,,,,,,,,,,
,A,Anoplophora chinensis,Citrus longhorned beetle,Arthropod,High,81.3%,16.2%,2.4%,"Citrus, elm, maple","Polyphagous, feeding on host species in upwards of 35 different plant families",All states,no,4/11/2018
,A,Blackcurrant Reversion Virus,BRV,Pathogen,High,74.0%,24.0%,2.0%,,,,No,8/1/2022
,A,Bursaphelenchus cocophilus,red ring nematode,Arthropod,High,89.2%,10.1%,0.7%,"palm trees (date palm, oil palm, coconut palm)",,"Florida, Georgia, Hawaii, North Carolina, Arizona, California, Massachusetts, Maryland, Nevada",no,3/20/2018
,A,Candidatus Phytoplasma aurantifolia',Witches’ Broom Disease of Lime,Pathogen,High,88.0%,11.0%,1.0%,Mexican lime,grapefruit,"Florida, Texas, California",No,7/24/2020
,A,Candidatus Phytoplasma australiense',Australian grapevine yellows,Pathogen,High,69.8%,27.6%,2.6%,grape; papaya,"polyphagous - other important hosts include potato, celery, pumpkin, strawberry, and boysenberry, cucumbers, alfalfa, raspberry, many others","All states, particularly California, Michigan, New York, Oregon, Pennsylvania, and Washington",No,9/30/2015
,A,Candidatus Phytoplasma palmae',Palm lethal yellowing phytoplasma,Pathogen,High,95.1%,4.5%,0.3%,palms,,"Florida, Georgia, South Carolina, North Carolina, Hawaii, Puerto Rico, Guam, American Samoa, US Virgin Islands, Arizona, California, Texas, Alabama, Washington, Oregon, Tennessee, Mississippi, Louisiana, New Mexico, Virginia",No,9/12/2018
,A,Candidatus Phytoplasma phoenicium',Almond witches' broom,Pathogen,High,87.1%,12.0%,0.9%,stone fruit,"reservoir: Anthemis sp., Smilax aspera",All states,No,9/30/2015
,A,Candidatus Phytoplasma prunorum',European stone fruit yellows,Pathogen,High,82.8%,15.9%,1.2%,"Prunus species (apricot, plum, peach, almond)",,Most states,no,3/21/2018
,A,Candidatus Phytoplasma vitis',Flavescence dorée,Pathogen,High,88.5%,10.7%,0.8%,grape ,"reservoir: Alnus glutinosa, Alnus incana, and Clematis vitalba","All states, particularly California, Michigan, New York, Oregon, Pennsylvania, and Washington",No,7/14/2015
,A,Cocadviroid coconut cadang-cadang viroid,CCCVd,Pathogen,High,81.8%,16.8%,1.3%,palms,,"Florida, Georgia, South Carolina, North Carolina, Hawaii, Puerto Rico, Guam, American Samoa, US Virgin Islands, Arizona, California, Texas, Alabama, Tennessee, Mississippi, Louisiana, New Mexico, Virginia",,9/12/2018
,A,Conopomorpha cramerella,Cocoa pod borer,Arthropod,High,82.0%,16.0%,2.0%,,,,No,8/1/2022
,A,Cronartium flaccidum,Scots pine blister rust,Pathogen,High,91.5%,8.0%,0.6%,pine,"polyphagous: Paeonia spp., Verbena spp., Impatiens spp., Veronica spp., Apocyum cannabium, Asclepisa spp., Caiophora lateritia, Castilleja miniata, Delphinium delavayi, Euphrasia spp., Grammatocarpus spp., Hyoscyamus niger, Loasa spp., Melampyrum spp., Nemesia spp., Nicotiana rustica, Pedicularis spp., Phtheirospermum japonicum, Physalis alkekengi, Rhinanthus spp., Ruellia spp, Saxifraga spp., Siphonostegia chinensis, Swertia fedtschenkoana, Tropaeolum spp., Vincetoxicum spp.",All states,No,8/30/2015
,A,Cydalima perspectalis,Box tree moth,Arthropod,High,85.0%,13.1%,1.9%,boxwood,,"Most states: Produced or naturalized along west coast, throughout eastern U.S., and in Hawaii, and grown almost everywhere.",No,6/19/2017
,A,Eurygaster integriceps,Sunn pest,Arthropod,High,76.0%,20.7%,3.3%,wheat and barley ,"Secale cereale (rye), Zea mays (maize), grasses (e.g., Agrotis, Avena, Bromos, Dactylis, Festuca, Lolium, and Poa spp.)",All states,No ,4/17/2015
,A,Fusarium oxysporum f. sp. cubense tropical race 4,Fusarium wilt of banana,Pathogen,High,93.7%,5.8%,0.4%,Banana,,"Hawaii, Florida, Puerto Rico, American Samoa, the Northern Mariana Islands, and Guam",No,10/15/2019
,A,Globodera rostochiensis ,Golden Nematode,Pathogen,High,77.5%,20.7%,1.7%,potato,"tomato, eggplant",All states,No,6/14/2019
,A,Harpophora maydis,Late wilt of corn,Pathogen,High,76.3%,21.8%,1.9%,corn,"Cotton (no econ damage), Lupinus albus, Lupinus termis",All states,No,8/6/2015
,A,Hymenoscyphus fraxineus,Ash dieback,Pathogen,High,92.5%,7.0%,0.5%,ash,,All states (except Alaska),No,6/23/2015
,A,Maruca vitrata,Bean pod borer,Arthropod,High,78.8%,18.4%,2.9%,"legumes (pigeonpea, soybean, hyacinth bean, lima bean, kudzu, cowpea)",Lonchocarpus spp. and Pterocarpus spp. are observed wild hosts,"Southern US, including plant hardiness zones 7-13",No,11/26/2018
,A,Megalurothrips usitatus,Bean flower thrips,Arthropod,High,73.0%,23.0%,4.0%,,,,No,8/1/2022
,A,Nilaparvata lugens,Brown-backed rice planthopper,Arthropod,High,67.3%,27.6%,5.0%,rice,,"California, Texas, Louisiana, Louisiana, Mississippi, Arkansas, Missouri, Illinois, Tennessee, South Carolina, Florida",No,7/24/2017
,A,Paysandisia archon,South American palm borer,Arthropod,High,79.6%,17.6%,2.7%,palms,,"Hawaii, southern California, western Arizona, southeastern Texas, the Gulf States, and the coastal plans of the southern coastal states",No,4/6/2015
,A,Phellinus noxius ,Brown root rot disease,Pathogen,High,65.0%,32.0%,3.0%,,,,No,3/4/2024
,A,Phytophthora kernoviae,Beech bleeding canker,Pathogen,High,82.8%,15.9%,1.3%,beech; also  Rhododendrons,"Polyphagous - e.g., Pieris spp., Magnolia spp., Quercus spp., Tsuga sp. (experimental), Others: Annona cherimola, Drimys winteri, Gevuina avellana, Hedera helix, Ilex aquifolium, Liriodendron tulipifera, Michelia doltsopa, Podocarpus salignus, Prunus laurocerasus, Vaccinium myrtillus ","All states at risk (but main hosts are not located in North Dakota, Iowa, Nebraska, Kansas, Arizona, or New Mexico)",No,7/24/2015
,A,Plenodomus tracheiphilus,Mal secco disease of citrus,Pathogen,High,86.0%,13.0%,1.0%,lemon,,"California, Arizona, Florida, and Texas",No,7/23/2020
,A,Potato spindle tuber viroid,PSTVd,Pathogen,High,70.0%,28.0%,3.0%,potatoes and tomatoes,Solanaceous crops and ornamentals,All states,No,12/30/2020
,A,Raffaelea quercivora,Japanese oak wilt,Pathogen,High,76.3%,21.8%,1.9%,oak,"Experimental hosts: Quercus coccinea, Quercus palustris, Quercus rubra",All states. known hosts occur in the US as ornamentals only,No,8/28/2015
,A,Ralstonia solanacearum race 3 biovar 2,Bacterial wilt,Pathogen,High,66.9%,30.2%,2.9%,"geranium, potato, eggplant","Also: tomato, pepper, Perlagonium X hortorum, Pelargonium spp., Solanum tuberosum",All/most states,No,9/6/2015
,A,Rastrococcus iceryoides,Mango mealybug,Arthropod,High,56.0%,36.1%,7.9%,"mango (large host range, but primarily mango)","Fabaceae, Malvaceae, Moraceae, Myrtaceae, Musaceae, Rubiaceae, Rutaceae, Vitaceae","Warmer areas, particularly mango growing such as Florida, California, Hawaii, and Puerto Rico",Yes - Honeydew may attract clouds of flies,2/15/2018
,A,Rastrococcus invadens,Mango mealybug,Arthropod,High,68.5%,26.7%,4.8%,"mango, citrus, frangipani, breadfruit, fig",,"Florida, California, Hawaii, Texas, Puerto Rico",Yes - Honeydew may attract clouds of flies,2/14/2018
,A,Rhynchophorus ferrugineus,Red palm weevil,Arthropod,High,71.0%,25.0%,4.0%,,,,No,3/21/2023
,A,Rice yellow mottle virus ,RYMV,Pathogen,High,53.0%,42.0%,5.0%,,,,No,3/4/2024
,A,Sogatella furcifera,white-backed planthopper,Arthropod,High,59.9%,33.3%,6.8%,rice,,"Arkansas, Texas, Louisiana, Mississippi, Missouri, and California",No,1/30/2018
,A,Stenoma catenifer,Avocado seed moth,Arthropod,High,77.9%,19.1%,3.0%,Avocado,,"California, Hawaii, Florida, Texas, Arizona",No,1/13/2020
,A,Tuta absoluta,Tomato leafminer,Arthropod,High,72.9%,23.2%,3.9%,tomato ,"There are references to other hosts in the family Solanaceae (Lycopersicon hirsutum, Solanum lyratum and Solanum sp.); Wild hosts that have been reported include Solanum nigrum, S. elaeagnifolium, Lycopersicon puberulum, Datura stramonium, D. ferox and Nicotiana glauca ","Coastal Washington, and Oregon. California , southern Nevada, eastern Arizona, Gulf coast states, south and eastern Georgia, and Carolina coast. ",No,4/24/2015
,A,Xanthomonas campestris pv. musacearum,"Banana Xanthomonas wilt, Xcm",Pathogen,High,91.0%,8.0%,1.0%,banana,,"Hawaii and Florida and the U.S. territories, Texas, Louisiana, and Alabama",No,1/15/2021
,"Predicted to be a high impact pest in the US, but with a higher degree of uncertainty",,,,,,,,,,,,
,B,Bactrocera zonata ,Peach Fruit Fly,Arthropod,High,67.30%,27.60%,5.00%,"Mango, guava, and stone fruit",,"Florida, Texas, California, and Hawaii",No,6/14/2019
,B,Cacopsylla pyri,Pear sucker psylla,Arthropod,High,52.10%,38.80%,9.10%,Pear,,"Primarily California, Michigan, New York, Oregon, Pennsylvania, Washington",No,9/6/2019
,B,Ceratocystis manginecans ,Mango Sudden Fungus Decline,Pathogen,High,71.20%,26.40%,2.40%,Mango,,"Florida, California, Texas, Hawaii, Arizona, Oregon",No,6/14/2019
,B,Conogethes punctiferalis,Castor capsule borer,Arthropod,High,51.70%,40.70%,9.60%,"corn, chestnuts, tropical fruits, cotton, castor bean",polyphagous,Southern and western states as well as warmer states in central and eastern US,No,9/20/2019
,B,Cryptoblabes gnidiella,Christmas berry webworm,Arthropod,High,57.3%,35.1%,7.5%,"Citrus, avocado, pomegranate, grape",highly polyphagous; often a secondary pest,"Southern and Pacific United States: Washington, Oregon, California, Nevada, Arizona, New Mexico, Texas, Oklahoma, Arkansas, Louisiana, Tennessee, Mississippi, Alabama, Virginia, Delaware, Maryland, North Carolina, South Carolina, Georgia, Florida",No,11/23/2016
,B,Cucumber green mottle mosaic virus,Cucumber green mottle mosaic (CGMMV),Pathogen,High,57.5%,38.2%,4.3%,cucurbit crops ,"cucumbers, watermelon, cantaloupe, summer and winter squash, bottle gourd, pumpkins, and loofah",All states (including parts of Alaska),No,8/28/2015
,B,Dendrolimus sibiricus,Siberian silk moth,Arthropod,High,58.6%,34.2%,7.1%,"conifers, esp. pine","Abies (fir), Larix (larch), Picea (spruce), Pinus (pine), and Tsuga (hemlock) others","Northern states: (Alaska and most of the continental states, except for southern states and southern California and Arizona)",No,3/27/2015
,B,Earias insulana,Egyptian stem borer,Arthropod,High,53.0%,38.0%,9.0%,,,,No,3/21/2023
,B,Earias vittella,Shoot and fruit borer,Arthropod,High,64.0%,30.0%,6.0%,,,,No,3/21/2023
,B,Fijivirus Fiji disease virus,Fiji Disease of Sugar Cane,Pathogen,High,79.0%,20.0%,2.0%,,,,No,7/15/2022
,B,Halotydeus destructor,Red legged earth mite,Arthropod,High,50.7%,39.7%,9.6%,"alfalfa, clover (*The plant crops are not economic crops in and of themselves, the economic losses are often associated with the sheep)","Polyphagous, attacking cereals, ornamentals, and vegetable crops, particularly pestiferous","Washington, Oregon, California, Arizona, are most at risk; Small portions of New Mexico, Texas, Oklahoma, Mississippi may also be at risk.",Yes- Secondary impacts to animals reduces both the abundance of forage and also palatability to the sheep.,4/30/2015
,B,Heilipus lauri,Big avocado seed weevil,Arthropod,High,51.0%,40.0%,10.0%,,,,No,4/25/2024
,B,Hemileia vastatrix,Coffee leaf rust,Pathogen,High,61.0%,35.0%,4.0%,Coffee,,"California, Hawaii, Puerto Rico, US Virgin Islands",No,4/2/2020
,B,Laodelphax striatellus,Small brown plant hopper,Arthropod,High,58.6%,34.2%,7.1%,"polyphagous on grasses, including oats, barley, rice, wheat, corn; wild hosts include crabgrass, orchardgrass, ryegrasses, etc.",,Most of states except in the very north,No,4/7/2015
,B,Leguminivora glycinivorella,Soybean pod borer,Arthropod,High,57.3%,35.1%,7.5%,Soybeans,"kudzu, necklacepod","Eastern, southern, and central states",No,4/22/2019
,B,Oryctes rhinoceros ,Coconut Rhinoceros Beetle,Arthropod,High,54.7%,37.0%,8.3%,polyphagous on palms,,"southern portions of Alabama, Arizona, California, Florida, Louisiana, Mississippi, and Texas. Hawaii",No,6/14/2019
,B,Ostrinia furnacalis,Asian corn borer,Arthropod,High,52.1%,38.8%,9.1%,"corn, cotton",,Most of U.S.,No,9/29/2017
,B,Peronosclerospora maydis,Java Downy Mildew,Pathogen,High,63.9%,32.8%,3.3%,"corn, sorghum",,"Most of U.S., especially in the southern US where climate may be more favorable.",No,9/7/2018
,B,Peronosclerospora philippinensis,Philippine Downy Mildew,Pathogen,High,55.9%,39.5%,4.6%,"corn, sorghum, and sugarcane",Some other non-commercial Poaceae,"All of U.S., except for Alaska",No,9/12/2018
,B,Phytophthora alni,Alder root and collar rot,Pathogen,High,76.3%,21.8%,1.9%,alder (Alnus spp.),,Most commonly eastern forests and Northwestern coast; most states ,No,9/1/2015
,B,Puccinia graminis Pers. f. sp. tritici,"black stem rust, wheat stem rust",Pathogen,High,68.3%,28.9%,32.7%,restricted to Triticum species (wheat),,"All wheat-producing states (Texas to Montana, North Dakota, Minnesota, South Dakota, Washington, Oregon, Idaho, Michigan, New York)",no,12/12/2017
,B,Pyricularia oryzae Triticum pathotype (Magnaporthe oryzae Triticum pathotype),Wheat blast,Pathogen,High,52.5%,42.2%,5.2%,wheat ,"Other grasses, esp. Avena spp. as well as Lolium spp., Echinochloa spp.","All states but high production states include Arkansas, California, Louisiana, Mississippi, Missouri, Texas, Kansas, North Dakota, Ohio, Oklahoma, Illinois, and Michigan",No,9/3/2015
,B,Rhabdoscelus obscurus,New Guinea sugarcane weevil,Arthropod,High,52.1%,38.8%,9.1%,Sugarcane,palms,"Arizona, California, Florida, Louisiana, Texas",No,1/13/2020
,B,Rhagoletis cerasi,European cherry fruit fly,Arthropod,High,52.1%,38.8%,9.1%,cherries,honeysuckle,Northern U.S. and much of the midwestern and western states. Plant Hardiness Zones 4-9,No,2/29/2016
,B,Synchytrium endobioticum,Potato wart,Pathogen,High,59.1%,36.8%,4.0%,potato,,"Alaska, California, Colorado, Idaho, Iowa, Louisiana, Maine, Maryland, Massachusetts, Michigan, Minnesota, Montana, New Hampshire, New Jersey, New York, North Carolina, Ohio, Oregon, Pennsylvania, Rhode Island, Tennessee, Vermont, Virginia, West Virginia, Washington, and Wisconsin. The top potato producing states are: Idaho, Washington, North Dakota, Wisconsin, Colorado, and Maine",No,2/11/2019
,B,Thaumatotibia leucotreta,False codling moth  ,Arthropod,High,67.3%,27.6%,5.0%,Citrus,"Highly polyphagous: e.g., macadamia (Macadamia spp.; Proteaceae, avocado stone fruits, guava, oak (Quercus spp.; Fagaceae), sugarcane, corn, acacia, tea, eugenia, cotton, litchi, eggplant ","Southern and Pacific States:  West Coast, Arizona, the Gulf States, Alabama, Georgia, South Carolina, the extreme Coastal Plains of North Carolina, throughout Hawaii, and Puerto Rico ",No,4/9/2015
,B,Thaumetopoea pityocampa,Pine processionary moth,Arthropod,High,52.1%,38.8%,9.1%,conifers ,,"Continental states, Hawaii and coastal Alaska",Yes- health impacts from hairs,4/10/2015
,B,Thrips parvispinus,Tobacco thrips,Arthropod,High,60.0%,33.0%,7.0%,,,,No,4/15/2024
,B,Trioza erytreae,African citrus psyllid,Arthropod,High,61.0%,32.0%,7.0%,Lemon,Citrus,"California, Arizona, Texas, Florida, Georgia, and Louisiana",No,1/14/2021
,B,Trogoderma granarium,Khapra beetle,Arthropod,High,59.9%,33.3%,6.8%,general storage pest,,This organism is only found in storage and could occur anywhere in the United States where stored hosts occur.,Yes- Exposure or consumption of hairs from the larvae can cause skin irritation or even ulcerative colitis ,3/27/2015
,Probability of being a high impact pest vs moderate impact pest is roughly equivalent (w/in 10 percentage points),,,,,,,,,,,,
,C,Acanthotomicus suncei,Sweetgum inscriber,Arthropod,High,47%,42%,11%,Sweetgum,,Southeastern states with sweetgum trees,No,9/6/2019
,C,Aclees taiwanensis,Black fig weevil,Arthropod,Moderate,39%,46%,15%,,,,No,6/12/2023
,C,Adoxophyes orana ,Summer Fruit Tortrix Moth,Arthropod,High,45%,43%,12%,"pome and stone fruits, including apples, pears, peaches, plums, apricots, sweet and sour cherries, and other fruits.","blackberry, raspberry, and strawberry, as well as lilac and rose and deciduous trees","California, Illinois, Indiana, Maryland, Missouri, Oklahoma, Texas, and some regions of the southeastern United States",No,5/22/2019
,C,Amrasca biguttula,Cotton jassid,Arthropod,Mod/High,44%,44%,12%,,,,No,9/27/2023
,C,‘Candidatus Phytoplasma ziziphi’,Jujube witches’ broom,Pathogen,High,48%,46%,6%,Jujube,"Peach, sweet cherry, apple, persimmon","Any state with host plants may be at risk for establishment, but incidence would like vary depending on the host.",No,9/27/2019
,C,Carposina sasakii,Peach fruit moth,Arthropod,High,44%,44%,12%,"pome and stone fruit crops, including apple, peach, pear, plum",,"Entire United States, wherever hosts are grown",No,9/6/2019
,C,Chrysanthemum stem necrosis virus,CSNV,Pathogen,Mod/High,47%,46%,6%,,,,No,4/25/2024
,C,Cydia splendana,Nut fruit tortrix,Arthropod,High,48%,41%,11%,"chestnut, oak",,"Eastern states and California, Florida, Iowa, Michigan, Ohio, Oregon, and Virginia",No,9/14/2020
,C,Diabrotica speciosa,South American corn rootworm,Arthropod,High,48%,41%,11%,"chestnut, oak",,"Eastern states and California, Florida, Iowa, Michigan, Ohio, Oregon, and Virginia",No,1/22/2024
,C,Globodera pallida,Pale cyst nematode,Pathogen,High,49%,45%,6%,potato,,"Idaho, Washington, Wisconsin, California, Colorado, Oregon, Minnesota, Michigan, Maine, Texas, Florida, Nebraska, New York, Montana, North Carolina, Illinois, Missouri, Virginia, and Kansas",No,7/24/2019
,C,Grapholita funebrana,Plum fruit moth,Arthropod,High,48%,41%,11%,Plum,"peach, apricot, sweet cherry, sour cherry","Most states, except for the warmer areas",No,10/15/2019
,C,Helicoverpa armigera,Old world bollworm,Arthropod,High,48.1%,41.4%,10.6%,highly polyphagous,,"Organism is highly migratory and damage outside areas where it can establish may occur; states most at risk include the Pacific, the Southern half of the US.",No,4/15/2015
,C,Heteronychus arator,Black Maize Beetle,Arthropod,Moderate,41.5%,45.2%,13.4%,"pasture grasses, corn, grapes, potato","eucalyptus, pineapple, other graminaceous crops","Most southern states, California, and Hawaii.",No,9/20/2018
,C,Lampides boeticus,Pea blue butterfly,Arthropod,Moderate,41.0%,45.0%,13.0%,,,,No,3/21/2023
,C,Leptocorisa acuta,Rice Bug,Arthropod,High,47.0%,42.0%,11.0%,Rice,,"California, Louisiana, Mississippi, and Texas",No,9/17/2020
,C,Neoleucinodes elegantalis,Tomato fruit borer,Arthropod,High,49.4%,40.5%,10.1%,"green peppers, tomatoes, eggplants",oligophagous pest mainly associated with cultivated species of the family Solanaceae,"Pacific coast and along the southern states, particularly near coastal areas: Washington, Oregon, California, Arizona, Texas, Louisiana, Florida. Also Hawaii. ",No,4/7/2015
,C,Omphisa anastomosalis,Sweetpotato vine borer,Arthropod,High,44.0%,44.0%,12.0%,,,,No,6/12/2023
,C,Phlyctinus callosus,Garden weevil,Arthropod,Moderate,42.8%,44.5%,12.8%,"carrot, blueberry, asparagus, strawberry, apple, grape",,"All states, including California",No,9/23/2019
,C,Platypus quercivorus,Oak ambrosia beetle,Arthropod,High,48.1%,41.4%,10.6%,oaks ,"Polyphagous (e.g. 45 species in 17 families have been reported as hosts) but preferentially attacks species in Fagaceae at significantly higher levels, particularly Oaks (Quercus) ",Entire United States,No,3/24/2015
,C,Rice Hoja Blanca Tenuivirus,RHBV,Pathogen,Moderate,44.0%,49.0%,7.0%,,,,No,6/25/2021
,C,Rice ragged stunt virus ,RRSV,Pathogen,High,51.0%,44.0%,5.0%,,,,No,3/4/2024
,C,Rhynchophorus palmarum,South American palm weevil,Arthropod,High,41.0%,45.0%,13.0%,,,,No,3/21/2023
,C,Scirpophaga incertulas,yellow stem borer,Arthropod,Moderate,39.0%,46.0%,15.0%,,,,No,7/14/2022
,C,Scirtothrips aurantii,South African citrus thrips,Arthropod,Moderate,41.0%,45.0%,13.0%,,,,No,5/10/2024
,C,Southern rice black-streaked dwarf virus,SRBSDV,Pathogen,High,51.0%,44.0%,5.0%,,,,No,3/4/2024
,C,Spodoptera litura,Cotton cutworm,Arthropod,Moderate,42.8%,44.5%,12.8%,highly polyphagous,,"All continental states except Montana, North Dakota, Minnesota, and limited range in other northern states. Coastal Alaska. ",No,4/23/2015
,C,Tecia solanivora,Guatemalan potato tuber moth,Arthropod,High,46.7%,42.2%,11.1%,potatoes,,"Hawaii, Coastal regions of Washington and Oregon. Most of California, Arizona, Texas and across the southern states. Organism may also occur in storage areas for potato outside of this range. Organism is highly migratory and seasonal damage outside of this range may occur. ",No,4/24/2015
,C,Tetropium fuscum,Brown spruce longhorn beetle,Arthropod,High/Moderate,44.0%,44.0%,12.0%,spruce,"Scots pine, larch","northeastern, midwestern and northwestern United States",No,4/2/2020
,"Predicted to be a moderate impact pest, but probability of being high impact is >20% (cause high impacts when environmental conditions are right)",,,,,,,,,,,,
,D,Agrilus biguttatus,Oak splendour beetle,Arthropod,Moderate,21.3%,50.0%,28.7%,oak,Fagus sylvatica and Castanea sativa,"All states, especially Eastern",No,3/25/2015
,D,Agrilus mali,Apple buprestid beetle,Arthropod,Moderate,20.4%,49.7%,29.9%,"apple, pear",,All states,No,9/7/2017
,D,Anthonomus rubi,Strawberry blossom weevil,Arthropod,Moderate,33.0%,49.0%,18.0%,"Strawberry, raspberry, blackberry",Rose,Most states in plant hardiness zones 5-9,No,3/17/2021
,D,Asproparthenis punctiventris,Sugar beet weevil,Arthropod,Moderate,36.0%,48.0%,16.0%,,,,No,3/19/2024
,D,Autographa gamma,Silver Y moth,Arthropod,Moderate,28.2%,50.0%,21.7%,"Highly polyphagous; grapes, berries, vegetables, others",,"Most states, plant hardiness zones 3-11",No,2/15/2018
,D,Bactrocera tsuneonis,Japanese orange fly,Arthropod,Moderate,32.0%,49.0%,19.0%,,,,No,4/25/2024
,D,Cameraria ohridella ,Horse-chestnut leaf miner,Arthropod,Moderate,36.0%,48.0%,16.0%,white-flowered horse-chestnut,,"Eastern states (Maine to Georgia), Midwest, Pacific northwest",No,9/4/2020
,D,Candidatus Phytoplasma mali',Apple proliferation,Pathogen,Moderate,33.2%,55.9%,10.9%,apple,,"All states, (excluding North Dakota and Hawaii) major production in Pacific NW and Northeast",No,8/26/2015
,D,Candidatus Phytoplasma solani',Bois noir; Stolbur,Pathogen,Moderate,22.5%,60.1%,17.3%,"polyphagous, but grapes are major host","polyphagous: Mainly corn and Solanum spp. (potato, tomato, eggplant), Paeonia spp., Prunus spp., Rhododendron spp., and a few others ","All states, particularly for grape: California, Michigan, New York, Oregon, Pennsylvania, and Washington",No,7/7/2015
,D,Cecidophyopsis ribis,Currant bud mite,Arthropod,Moderate,32.0%,49.0%,19.0%,,,,No,2/16/2024
,D,Ceroplastes japonicus,Japanese wax scale,Arthropod,Moderate,28.2%,50.0%,21.7%,"citrus, persimmon, Bay laurel, stone fruit, holly, ornamentals, and greenhouse","Highly polyphagous on a wide variety of woody species, primarily hosts including orchard trees and ornamentals",All states,No,3/30/2015
,D,Chilo suppressalis,Asiatic rice borer,Arthropod,Moderate,23.2%,50.2%,26.6%,rice,"corn, sorghum, some wild hosts, grasses. Appears to only be a pest of corn near rice",Entire United States,No,4/7/2015
,D,Chrysodeixis chalcites ,Golden Twin Spot Moth,Arthropod,Moderate,33.9%,48.5%,17.5%,polyphagous; solanaceous vegetables and beans,greenhouse plants,"southern United States, California, and Hawaii, but more northern areas may be reached by individuals migrating during the summer or surviving in greenhouses",No,6/14/2019
,D,Citrus sudden death-associated virus,Citrus sudden death,Pathogen,Moderate,33.0%,56.0%,11.0%,,,,No,6/25/2021
,D,Coniothyrium glycines,Red blotch of soybean,Pathogen,Moderate,34.7%,55.0%,10.3%,soybeans,"Glycine spp., Neonotonia wightii ","45 states, Mainly grown in Illinois, Indiana, Iowa, Kansas, Michigan, Minnesota, Missouri, Nebraska, Ohio, South Dakota, and Wisconsin",No,7/24/2015
,D,Conotrachelus perseae ,Small avocado seed weevil,Arthropod,Moderate,33.0%,49.0%,18.0%,,,,No,2/16/2024
,D,Crocidosema aporema,Bud Borer,Arthropod,Moderate,30.5%,49.6%,20.0%,"soybean, alfalfa, peanut, peas, beans, and vetch",,"The majority of the southern US, and potentially some additional in the northern regions",No,9/12/2018
,D,Cucumber vein yellowing virus,CVYV,Pathogen,Moderate,29.0%,58.0%,13.0%,,,,No,5/23/2024
,D,Dendrolimus pini,Pine-tree lappet,Arthropod,Moderate,29.3%,49.8%,20.8%,pine,"coniferous plants including: fir, cedar, juniper, spruce, Douglas-fir, and larch","Entire United States, and Alaska. Primary host Pinus sylvestris found in Maryland and north through New England, with some distribution in Wisconsin and Illnois.",Yes- health impacts from hairs,3/25/2015
,D,Dendrolimus punctatus,Masson pine moth,Arthropod,Moderate,28.2%,50.0%,21.7%,pine,"The primary host of this species is Scots pine (Pinus sylvestris) (Sierpińska, 1998); it can also feed on other Pine spp. and coniferous plants including: fir, cedar, juniper, spruce, Douglas-fir, and larch","Most of the continental states, except for Montana, North Dakota, Minnesota. With limited areas of Wyoming, South Dakota, Wisconsin, Iowa, Colorado, and New England states. The East coast from Delaware through the southern states to eastern Texas is of increased concern. ",Yes- health impacts from hairs,3/26/2015
,D,Dendrolimus superans,White-lined silk moth,Arthropod,Moderate,29.3%,49.8%,20.8%,Conifers,,"Most of the continental United States except for warm, coastal or desert areas.",Yes- health impacts from hairs,9/27/2019
,D,Diabrotica speciosa [cancelled - updated to 1C 1/22/24],Cucurbit beetle,Arthropod,Moderate,32.8%,48.9%,18.3%,"highly polyphagous: most important hosts include corn cucurbits, soybean, potato, peanuts, pepper, sunflower, and wheat",,"Most of the continental states, except Montana, North Dakota, and Minnesota. Coastal Alaska , Hawaii and Puerto Rico.",Yes- health impacts from hairs,3/27/2015
,D,Ditylenchus gigas,Giant stem and bulb nematode,Pathogen,Moderate,21.4%,60.3%,18.3%,fava bean (Vicia faba),wheat (Triticum aestivum) and few others like Lamium spp. and Pisum spp.,"All states with both hosts, but fava bean mainly in Northeast/New England area, West coast, and Mississippi.",No,9/3/2015
,D,Erthesina fullo,Yellow-spotted stink bug,Arthropod,Moderate,23.0%,50.0%,27.0%,,,,No,2/16/2024
,D,Eurytoma amygdali,Almond seed wasp,Arthropod,Moderate,24.0%,50.0%,26.0%,almond,,"primarily California, with the addition of small almond growing areas in Arizona, Texas, and South Carolina",No,1/14/2021
,D,Garella musculana,Asian walnut moth,Arthropod,Moderate,27.0%,50.0%,23.0%,,,,No,6/12/2023
,D,Gymnandrosoma aurantianum,Citrus fruit borer,Arthropod,Moderate,33.9%,48.5%,17.5%,Citrus,,"California, Florida, and other warm humid states with citrus production",No,1/13/2020
,D,Helicoverpa gelotopoeon,South American bollworm moth,Arthropod,Moderate,30.0%,50.0%,20.0%,cotton,"chickpea, tomato, soybean",All southern states,No,7/23/2020
,D,Heterodera ciceri,chickpea cyst nematode,Pathogen,Moderate,22.5%,60.1%,17.3%,"legumes (chickpea, lentil, pea)",,"Most states, especially the Pacific northwest",No,3/27/2018
,D,Hylobius abietis,Large Pine Weevil,Arthropod,Moderate,22.2%,50.1%,27.7%,"conifers, specifically pine, spruce, and fir",,Most of the United States,No,9/19/2018
,D,Ips typographus,European Spruce Bark Beetle,Arthropod,Moderate,29.3%,49.8%,20.8%,Norway spruce,,"Most of the United States, particularly Pennsylvania, New Jersey, Connecticut, New York, and Rhode Island",No,1/13/2020
,D,Lymantria monacha,Nun moth,Arthropod,Moderate,38.0%,47.0%,15.0%,"conifers, particularly pine and spruce",,"California, Oregon, and Washington, and the northern- and mid-Atlantic coast where pine and spruce forests are common",Yes - potential skin irritant,12/6/2019
,D,Megaplatypus mutatus,Ambrosia beetle,Arthropod,Moderate,28.2%,50.0%,21.7%,polyphagous on trees,"Acacia, Acer, Ailanthus, Balfourodendron, Callophylum, Casuarina, Cedrela, Citrus, Erythrina, Eucalyptus, Fraxinus, Grevillea, Laurus, Ligustrum, Liquidambar, Mgnolia, malus, Melia, Persea, Pinus, Platanus, Populus, Pyrus, Quercus, Robinia, Salix, Taxodium, Tilia, Ulmus","Entire Untied States with highest concern along the Gulf Coast, Pacific Coast, and southeastern Arizona. ",No,4/23/2015
,D,Melanagromyza sojae,Soybean stem fly,Arthropod,Moderate,22.0%,50.0%,28.0%,,,,No,5/10/2024
,D,Meloidogyne artiellia,British Root-knot Nematode,Pathogen,Moderate,33.2%,55.9%,10.9%,"wheat, chickpea","barley, oat, rapeseed, fava bean, vetch, and lentil","North Dakota, Kansas, Washington, Montana, Minnesota, Idaho, Oklahoma, Colorado, Texas, Oregon, Whyoming, Wisconsin, South Dakota, Iowa, Nebraska, Pennsylvania, Michigan, Illinois, Ohio, and California. Additional states containing these hosts are New York, Arizona, Florida, Georgia, North Carolina, South Carolina, Missouri",No,9/12/2018
,D,Meloidogyne coffeicola,Coffee root-knot nematode,Pathogen,Moderate,36.0%,54.0%,10.0%,,,,No,7/31/2024
,D,Orthotospovirus groundnut bud necrosis,Groundnut Bud Necrosis Orthotospovirus,Pathogen,Moderate,28.9%,58.1%,13.0%,"polyphagous: peanuts, tomatos, peas, cucumbers, and squash","Also: mung bean, sweet and chilli peppers, watermelon, and eggplant",All states,No,3/22/2016
,D,Oxycarenus hyalinipennis,Cotton seed bug,Arthropod,Moderate,35.2%,48.1%,16.8%,"cotton, hibiscus, hollyhock","For reproduction of Oxycarenus hyalinipennis to occur, seeds of host plants within the order Malvales must be present",Entire United States. Organism may also occur in storage area for cotton. ,"Nuisance pest:  Congregates in large numbers on buildings, shrubs, trees, and wild and cultivated plants, resulting in an unpleasant odor. It is also attracted by light and harasses people at night in lighted areas.",4/10/2015
,D,Pammene fasciana,Chestnut leaf roller,Arthropod,Moderate,33.0%,49.0%,18.0%,,,,No,6/7/2023
,D,Panolis flammea,Pine Beauty Moth,Arthropod,Moderate,21.3%,50.0%,28.7%,pines,,Lodgepole pine is found mostly in the midwest or western United States and scots pine is found predominately in the northeast United States,No,9/12/2018
,D,Peronosclerospora sacchari,Sugarcane downy mildew,Pathogen,Moderate,43.0%,50.0%,8.0%,"corn, sugarcane",,"Alabama, Arizona, Arkansas, California, Florida, Georgia, Hawaii, Louisiana, South Carolina, and Texas",No,9/14/2020
,D,Phloeotribus scarabaeoides,Olive Bark Beetle,Arthropod,Moderate,22.6%,50.2%,27.2%,olive,"ash, jasmine","All olive producing states, especially California",No,11/15/2016
,D,Phytophthora multivesiculata ,Leaf rot,Pathogen,Moderate,33.0%,56.0%,11.0%,,,,No,4/25/2024
,D,Potato yellow vein virus,PYVV,Pathogen,Moderate,26.0%,59.0%,15.0%,potato,tomato,"California, Colorado, Florida, Idaho, Maine, Michigan, Minnesota, North Dakota, Oregon, Texas, Washington, and Wisconsin, while significant tomato production occurs in California, Colorado, Florida, Hawaii, Illinois, Indiana, Kentucky, Maine, Michigan, Minnesota, Missouri, Nebraska, New Jersey, North Carolina, Ohio, Pennsylvania, South Carolina, Tennessee, Texas, and Virginia",No,9/14/2020
,D,Praelongorthezia praelonga,Croton bug,Arthropod,Moderate,23.2%,50.2%,26.6%,citrus,"highly polyphagous; many ornamentals (e.g. Malpighia, Bougainvillea, Spathodea, Codiaeum and Plumeria)","Pacific coast and along the southern states, particularly near coastal areas: Washington, Oregon, California, Arizona, Texas, Louisiana, Florida",No,4/23/2015
,D,Prays citri ,Citrus flower moth,Arthropod,Moderate,29.0%,50.0%,21.0%,,,,No,3/19/2024
,D,Pseudomonas syringae pv. actinidiae,Bacterial canker of kiwifruit,Pathogen,Moderate,35.0%,55.0%,10.0%,kiwi,,"Alabama, California, Connecticut, Florida, Georgia, Iowa, Kentucky, Maryland, Mississippi, Missouri, New Hampshire, New York, North Carolina, Ohio, Oregon, Pennsylvania, South Carolina, Tennessee, Vermont, Virginia, Washington, West Virginia, and Wisconsin",No,9/15/2020
,D,Pseudopezicula tracheiphila,Rotbrenner,Pathogen,Moderate,21.4%,60.3%,18.3%,grape,"Parthenocissus spp., other experimentals","All states, particularly for grape: California, Michigan, New York, Oregon, Pennsylvania, and Washington",No,9/11/2015
,D,Semanotus sinoauster,China fir borer,Arthropod,Moderate,36.4%,47.6%,16.0%,Chinese fir (Cunninghamia lanceolata),,"Alabama, Florida, Georgia, Louisiana, Mississippi, North Carolina, and South Carolina",No,9/27/2019
,D,Tetropium castaneum,Black spruce beetle,Arthropod,Moderate,24.1%,50.3%,25.6%,Stressed or dead spruce,"Fir, pine, larch",Most of the continental United States except the warmest areas,No,9/27/2019
,D,Thaumetopoea processionea,Oak processionary moth,Arthropod,Moderate,25.1%,50.3%,24.6%,oak,,"Most of the continential states except Montana, North Dakota, Minnesota with limited area of South Dakota, Wisconsin, Iowa, and the New England states. Organism could establish in urban areas with suitable host plants. ",Yes- health impacts from hairs,4/24/2015
,D,Tomato Leaf Curl New Delhi Virus,ToLCNDV,Pathogen,Moderate,29.0%,58.0%,13.0%,,,,No,12/29/2023
,D,Tremex fuscicornis,Tremex woodwasp,Arthropod,Moderate,23.2%,50.2%,26.6%,polyphagous on trees ,"Aceraceae - Acer spp (maple), Betulaceae - Alnus spp. (alder), Betula spp. (birch), Fabaceae - Robinia pseudoacacia (black locust); Fagaceae - Fagus spp. (beech), Quercus spp. (oak); Juglandaceae - Juglans spp. (walnut), Rosaceae - Prunus x yedoensis; Salicaceae - Populus spp. (poplar); , Salix spp. (willow), Ulmaceae - Celtis sinensis (Japanese or Chinese hackberry), Ulmus spp. (elm), ",All states,No,4/16/2015
,D,Trichoferus campestris,Velvet longhorned beetle,Arthropod,Moderate,31.6%,49.3%,19.1%,polyphagous on trees. Attacks both living and dead trees,,Most states,No,7/21/2017
,D,Xanthomonas oryzae pv. oryzae,Bacterial leaf blight of rice,Pathogen,Moderate,34.7%,55.0%,10.1%,Rice,,"Arkansas, California, Louisiana, Mississippi, Missouri, Texas",No,9/19/2019
,D,Xylella fastidiosa subsp. pauca,Citrus variegated chlorosis,Pathogen,Moderate,27.5%,58.6%,13.8%,"citrus, alfalfa, nightshade",,"Arizona, California, Florida, Texas",No,9/29/2017
,D,Xylophilus ampelinus,Bacterial blight of grapevine,Pathogen,Moderate,32.0%,57.0%,12.0%,,,,No,6/25/2021
,D,Xylotrechus arvicola,el tornillo (the screw),Arthropod,Moderate,24.0%,50.0%,26.0%,grape,,"Alabama, California, Florida, Idaho, Massachusetts, New York, Oregon, Pennsylvania, Texas, Utah, Virginia, and Washington",No,5/8/2020
CATEGORY 2,"Predicted to be a moderate pest, but with a high degree of uncertainty ",,,,,,,,,,,,
,E,Anguina tritici,Wheat seed gall nematode,Pathogen,Moderate,15.4%,59.5%,25.1%,wheat,barley,All states,Yes -Causes ear-cockle on wheat and has an association with the bacterium Corynebacterium tritici.  Affects human health and animal health.  Freshly harvested infected wheat cockles containing the bacterium are toxic to cattle and sheep. Toxic effects to humans and animals when galls are consumed along with flour.,9/1/2015
,E,Crocidolomia pavonana,Cabbage cluster caterpillar,Arthropod,Moderate,16.0%,48.0%,36.0%,,,,No,6/25/2021
,E,Cylindrocarpon pauciseptatum (Dactylonectria pauciseptata),Grapevine blackfoot disease,Pathogen,Moderate,10.9%,55.8%,33.3%,grape,"apple, kiwi, peach, others","All states, particularly for grape: California, Michigan, New York, Oregon, Pennsylvania, and Washington",No,9/7/2015
,E,Diprion pini,Pine sawfly,Arthropod,Moderate,17.2%,48.3%,34.5%,Scots pine,Pinus spp.,"All states are at risk, but most important hosts are in Washington, Oregon, California, Idaho, Montana, Wyoming, Utah, Colorado, Minnesota, Wisconsin, Michigan, Maine, Vermont, New Hampshire, New York, Massachusetts, New Jersey, Kentucky, Virginia, West Virginia, Tennessee, and North Carolina",No,3/25/2015
,E,Ditylenchus angustus,Rice stem nematode,Pathogen,Moderate,16.3%,59.9%,23.8%,rice,Echinochloa colona ,"Basically southeastern US and California; Rice is mainly grow in California, Arkansas, Louisiana, Mississippi, Missouri, and Texas, but also Florida, South Carolina, Illinois, and Tennessee ",No,9/11/2015
,E,Erwinia pyrifoliae,"Blight of pears, Asian pear blight",Pathogen,Moderate,8.6%,52.0%,39.5%,pear and strawberry,apple (experimental),All states,No,7/2/2015
,E,Monilinia fructigena,Brown rot of fruit,Pathogen,Moderate,13.0%,58.0%,29.0%,"apple, stone fruit, pear","Polyphagous including: Cydonia spp., Chaenomeles spp., Ficus spp., Fragaria spp, Psidium, Rosa spp. Rhododendron spp, Rubus spp, Solanum, Vitis spp. ",All states,No,8/27/2015
,E,Nysius huttoni ,Wheat bug,Arthropod,Moderate,20.0%,49.0%,31.0%,,,,No,3/19/2024
,E,Phytophthora austrocedrae,Mal del Ciprés,Pathogen,Moderate,17.2%,60.1%,22.6%,"Junipers, Chilean cyprus (Austrocedrus chilensis)","Chamaecyparis lawsoniana, Chamaecyparis nootkatensis ","Most states (except extreme south) are at risk, basically west of Texas (excluding Texas), north of Kansas, and east of Alabama (excluding Tennessee and Florida)",No,6/18/2015
,E,Xylotrechus altaicus,Altai larch longhorn beetle,Arthropod,Moderate,17.0%,48.0%,35.0%,Larch,,"Idaho, Oregon, and Washington",No,5/8/2020
,Predicted to be a moderate pest,,,,,,,,,,,,
,F,Aceria litchii,Litchi Mite,Arthropod,Moderate,15.7%,47.3%,37.0%,"litchi (lychee), longan",,"Florida, California, Hawaii",No,3/28/2018
,F,Amphitetranychus viennensis,Hawthorn spider mite,Arthropod,Moderate,18.0%,49.0%,33.0%,"Apple, pear, Prunus",raspberry,All states,No,11/4/2020
,F,Chilo partellus,Spotted stem borer,Arthropod,Moderate,16.4%,47.9%,35.7%,"grasses: corn sorghum, millet (pearl, foxtail, finger), sugarcane, teotsinte, rice, wheat",many wild grasses,"California, Arizona, Texas, Louisiana, Mississippi, Alabama, Georgia, South Carolina, Florida",No,4/7/2015
,F,Citrus yellow vein clearing virus,CYVCV,Pathogen,Moderate,15.0%,59.0%,26.0%,,,,No,4/21/2022
,F,Conotrachelus aguacatae ,Small avocado seed weevil,Arthropod,Moderate,16.0%,47.0%,37.0%,,,,No,3/19/2024
,F,Copturus aguacatae,Avocado stem weevil,Arthropod,Moderate,17.0%,48.0%,35.0%,,,,No,2/16/2024
,F,Crinivirus cucurbit chlorotic yellows virus,Cucurbit chlorotic yellows virus,Pathogen,Moderate,14.6%,59.1%,26.3%,"cucurbits, alfalfa, wild hosts",,"Most states, especially where cucurbits are grown",No,9/22/2017
,F,Euschistus heros,Neotropical brown stinkbug,Arthropod,Moderate,18.0%,49.0%,33.0%,,,,No,5/10/2024
,F,Heterodera cajani,Pigeon Pea Cyst Nematode,Pathogen,Moderate,15.4%,59.5%,25.1%,"legumes (cowpea, sesame, mung bean)",,"AL, AZ, AR, CA, DE, FL, GA, IL, IN, KS, KY, LS, MD, MI, MN, MS, MO, NH, NJ, NM, NY, NC, OH, OK, PA, SC, TN, TX, VA, WV",no,3/27/2018
,F,Hypocryphalus scabricollis,Fig tree borer,Arthropod,Moderate,15.7%,47.3%,36.9%,"figs, other tropical hardwoods",,"California, Texas, Washington, Oregon, and Utah",No,2/9/2018
,F,Ips duplicatus,Double-spined bark beetle,Arthropod,Moderate,17.9%,48.7%,33.3%,spruce; occasionally pine and Douglas-fir,,"The main native ranges of red, white, and black spruce are in Alaska, Oregon, Montana, Wyoming, North Dakota, South Dakota, Nebraska, Minnesota, Wisconsin, Michigan, Iowa, and Illinois. Also, Appalachian Mountains. Douglas-fir is found in Washington, Oregon, California, Idaho, Montana, and throughout the Rocky Mountains. Pines are in all states.",No,7/24/2017
,F,Ips sexdentatus,Six-toothed bark beetle,Arthropod,Moderate,16.0%,48.0%,36.0%,Pinus species,spruce,Most states with Pinus and Picea forests,No,1/13/2020
,F,Lymantria dispar asiatica,Asian gypsy moth,Arthropod,Moderate,18.7%,49.1%,32.1%,Trees and shrubs,,"Most states, especially southern Appalachian Mountains, the Ozark Mountain, and the northern Lake States",Nuisance - can cause allergic reactions,9/19/2019
,F,Mamestra brassicae,Cabbage moth,Arthropod,Moderate,17.2%,48.3%,34.5%,"cabbage, Cruciferae","polyphagous, although they prefer Brassica crops. Beetroots, legumes, lettuces, onions and potatoes are also frequently reported to be infested (alternative hosts [Hill, 1987]). The species is also found on a wide range of other vegetable crops and ornamental flowers in glasshouses and in the open, and on a wide range of deciduous tree species” (Carter, 1984; Hill, 1987; CABI, 2015). 
Host trees include species within Malus (apple), Salix (willow), Quercus (oak), Fagus (beech), Larix (larch) and others (Carter 1984).",Entire United States,No,4/24/2015
,F,Russelliana solanicola ,South American potato psyllid,Arthropod,Moderate,17.0%,48.0%,35.0%,,,,No,7/14/2022
,F,Spodoptera littoralis,Egyptian cottonworm,Arthropod,Moderate,15.7%,47.3%,37.0%,highly polyphagous,"44 families including crucifers, deciduous fruit trees, grasses, legumes, medicinal crops, ornamentals, and many vegetables. Eight families constitute more than 50 percent of the known hosts: Leguminosae, Solanaceae, Malvaceae, Moraceae, Compositae, Gramineae, Chenopodiaceae, and Cruciferae","Most of the continential states except Montana, North Dakota, Minnesota with limited area of South Dakota, Wisconsin, Iowa, Colorado and the New England states. Coastal Alaska, Hawaii, and Puerto Rico. ",No,4/23/2015
,F,Sugarcane streak mosaic virus,SCSMV,Pathogen,Moderate,9.0%,53.0%,38.0%,,,,No,5/10/2024
,F,Tomato apical stunt viroid,TASVd,Pathogen,Moderate,13.0%,58.0%,29.0%,tomato ,other reservoir and experimental hosts,"All states, but the most important for tomato growing are California, Virginia, Georgia, Ohio, Tennessee, North Carolina, New Jersey, and Michigan",No,9/2/2015
,F,Tomato brown rugose fruit virus,ToBRFV,Pathogen,Moderate,14.6%,59.1%,26.3%,"Tomato, pepper",,All states,No,9/27/2019
,F,Xanthomonas oryzae pv. oryzicola,Bacterial leaf streak,Pathogen,Moderate,9.0%,52.0%,39.0%,Rice,,"California, Texas, Louisiana, Arkansas, Mississippi, Alabama, Florida",No,9/19/2019
,Probability of being a moderate vs. low impact pest is roughly equivalent (within 10%),,,,,,,,,,,,
,G,Aeolesthes sarta,City Longhorn Beetle,Arthropod,Mod/low,12.4%,44.1%,43.3%,"apple, walnut","Ulmus, Populus, Salix, Platanus, Malus, Prunus, Pyrus, Juglans, Quercus, Betula, Fraxinus, Acer, Morus, Gleditsia, Robinia, Elaeagnus and other broadleaf trees","The eastern United States, western parts of California, parts of Colorado, Oregon, Washington, Utah, New Mexico and Nevada contain a wide range of potential hosts",No,9/12/2018
,G,Anthonomus pomorum,Apple blossom weevil,Arthropod,Mod/low,14.3%,46.2%,39.5%,"apple, pear",,All states,No,9/20/2019
,G,Aromia bungii,Redneck longhorned beetle,Arthropod,Mod/low,9.8%,40.1%,50.0%,stone fruit,"Meliaceae, Poaceae, Ebenaceae, Oleaceae, Salicaceae, Juglandaceae, Lythraceae and Theaceae ",All states,No,3/27/2015
,G,Aspidiotus rigidus,False coconut scale,Arthropod,Mod/low,13.1%,44.9%,42.1%,"Palms, coconuts","Banana, mangosteen","Hawaii, Florida, Georgia, North Carolina, South Carolina, and Puerto Rico, Louisiana, California, Arizona, Texas",No,4/22/2019
,G,Batocera horsfieldi,Square-spotted longicorn beetle,Arthropod,Mod/low,15.0%,46.8%,38.2%,poplar and willow,"Ebenaceae - Diospyros kaki; Fagaceae - Castanea, Quercus; Juglandaceae - Juglans regia (walnut); Moraceae - Ficus, Morus alba; Rosaceae – Malus, Pirus; Salicaceae - Salix, Populus adenopoda, P. yunnanensis, P. cathayana , P. euramericana ; Ulmaceae: Ulmus",All states,No,4/17/2015
,G,Cacopsylla bidens,Pear psylla,Arthropod,Mod/low,9.8%,40.1%,50.0%,Pear,,Most states,No,9/27/2019
,G,Carpophilus truncatus ,none,Arthropod,Mod/low,11.0%,42.0%,47.0%,,,,No,1/10/2024
,G,Curculio elephas,Chestnut weevil,Arthropod,Mod/low,14.0%,46.0%,40.0%,,,,No,8/1/2022
,G,Dendroctonus micans,European Spruce Beetle,Arthropod,Mod/low,13.6%,45.5%,40.7%,"conifers, especially spruce","pine, fir, larch, Douglas-fir",All states,No,9/12/2018
,G,Edessa meditabunda,Green and brown stink bug,Arthropod,Mod/low,15.0%,42.0%,43.0%,,,,No,2/29/2024
,G,Lymantria mathura,Rosy moth,Arthropod,Mod/low,14.3%,46.2%,39.5%,"polyphagous on trees including chestnut, oak, birch, walnut, pine",,Entire United States,"Maybe - in high populations larvae could rain frass on people and cause other annoyances through sheer numbers. Additionally, people could develop allergies to hairs from larvae and egg masses (similar to L. dispar)",4/14/2015
,G,Meloidogyne fallax,False Columbia root-knot nematode,Pathogen,Mod/low,7.6%,49.7%,42.7%,"potatoes, carrots","tomatoes, black salsify","Washington, Oregon, Nebraska, Idaho, North Dakota, Colorado, Wisconsin, Minnesota, Maine, Michigan, California, Michigan, Texas",No,9/12/2018
,G,Meloidogyne paranaensis,Paranŕ coffee root-knot nematode,Pathogen,Mod/low,7.0%,49.0%,44.0%,coffee,"soybean, with unknown impacts","Hawaii, Louisiana and South Carolina",No,9/25/2020
,G,Metamasius hemipterus,West Indian sugarcane weevil,Arthropod,Mod/low,11.9%,43.4%,44.7%,"sugarcane, banana",some palms,Includes southern states in plant hardiness zones 9-13,No,6/10/2016
,G,Monochamus alternatus,Japanese pine sawyer,Arthropod,Mod/low,14.0%,46.0%,41.0%,pine trees,,Anywhere pine trees are; thrive in southeastern states,No,7/24/2019
,G,Monochamus urussovii ,Black fir sawyer,Arthropod,Mod/low,14.3%,46.2%,39.5%,primarily coniferous trees,,Colder areas such as Alaska and the rocky mountains,No,9/19/2019
,G,Nepovirus tomato black ring virus,Tomato black ring virus,Pathogen,Mod/low,7.6%,49.7%,42.7%,"polyphagous including strawberry, raspberry, artichoke, lettuce, cucumber","virus affects a very wide range of host plant species in at least 29 families, including naturally infected weed and crop plants. some of the naturally infected weed plants include: Capsella bursa-pastoris, Polygonum aviculare, Stellaria media.",All states,No,8/26/2015
,G,Pieris brassicae,Large white (butterfly),Arthropod,Mod/low,14.3%,46.2%,39.5%,"Brussels sprouts, cabbage, cauliflower, Kohlrabi, rape, swede, and turnip","Polyphagous on five main plant families, including: Brassicaceae (=Cruciferae), Tropaeolaceae, Capparaceae, Resedaceae, and Papilionaceae","Entire continental United States, Hawaii, and coastal Alaska. ",Nuisance pest: Full grown larvae can sometimes invade houses and pupate on walls and furniture. ,4/9/2015
,G,Psacothea hilaris,Yellow spotted longhorn beetle,Arthropod,Mod/low,11.9%,43.4%,44.7%,mulberry,"reported on 12 plant species across eight families, this beetle is typically a pest in the Moraceae family, most commonly on species of mulberry (Morus spp.). There are also records of this beetle attacking fig (Ficus carica).","Most of the continental United States, the islands (Hawaii, Puerto Rico), and the coastal areas of Alaska",No,3/26/2015
,G,Resseliella theobaldi ,Raspberry cane midge,Arthropod,Mod/low,13.0%,45.0%,42.0%,,,,No,4/25/2024
,G,Tomicus destruens,Pine shoot beetle,Arthropod,Mod/low,9.8%,40.1%,50.0%,pines ,"Pinus brutia, P. halapensis, P. pinea, P. pinaster, P. canariensis; P. nigra; P. radiata; These species are distributed in Califronia, Arizona, Texas, NC, a few counties in the North East; P radiata is the only native species. ",most of the continental United States and in parts of Alaska and Hawaii. ,No,3/24/2015
,G,Unaspis yanonensis,Arrowhead scale,Arthropod,Mod/low,15.0%,46.8%,38.2%,Citrus,feed almost exclusively on citrus,"suitable habitat primarily in California and Florida, but also in many other parts of the south, Gulf States, southwest, Pacific coast, and Hawaii",No,4/8/2015
,G,Xylella fastidiosa subspecies pauca CoDiRO strain,Quick decline syndrome,Pathogen,Mod/low,5.9%,44.8%,49.3%,"olive, cherry",,"All olive and cherry producing states, especially California",No,9/29/2017
,G,Xylotrechus namanganensis,None,Arthropod,Mod/low,12.0%,44.0%,43.0%,Elm,"forest, ornamental, and fruit trees",Most states with the exception of some of the warmest coastal areas,No,5/8/2020
CATEGORY 3,"Predicted to be a low impact pest, but with high uncertainty",,,,,,,,,,,,
,H,Adoretus sinicus,Chinese rose beetle,Arthropod,Low,9%,37%,54%,"cacao, tea, banana, sugarcane, longan, rose",highly polyphagous,"California, Arizona, Texas, Louisiana, Mississippi, Alabama, Georgia, South Carolina, Florida",No,7/23/2020
,H,Agriotes sputator,Common click beetle,Arthropod,Low,5%,27%,68%,,,,No,6/8/2023
,H,Andean potato mottle virus,APMV,Pathogen,Low,0.3%,4.0%,95.7%,"tomato, pepper, eggplant",,"Idaho, eastern Washington, Wisconsin, North Dakota",No,11/15/2017
,H,Aphanostigma piri,Pear bark aphid,Arthropod,Low,4.7%,26.3%,69.0%,pear,,"California, Oregon, Washington, Michigan, New York, Pennsylvania",No,9/20/2019
,H,Aproceros leucopoda,elm zigzag sawfly,Arthropod,Low,5.0%,26.0%,69.0%,,,,No,8/6/2021
,H,Candidatus Phlomobacter fragariae,Strawberry marginal chlorosis,Pathogen,Low,4.0%,37.0%,59.0%,,,,No,7/15/2022
,H,Candidatus Phytoplasma fragariae',Strawberry yellows phytoplasma,Pathogen,Low,0.9%,12.0%,87.1%,"strawberry, hazelnut, European elderberry, red dogwood, potato",,All states,No,7/24/2017
,H,Candidatus Phytoplasma rubi,Rubus stunt disease,Pathogen,Low,4.0%,37.0%,59.0%,,,,No,10/1/2021
,H,Ceroplastes destructor,Soft Wax Scale,Arthropod,Low,3.4%,21.1%,75.4%,citrus and coffee,avocado and guava,"California, Arizona, Texas, Louisiana, Florida are most at risk; small portions of Washington, Oregon, Alabama, Mississippi, Georgia, and South Carolina may also be at risk. ",No,3/20/2015
,H,Citripestis eutraphera,Mango Fruit Borer,Arthropod,Low,7.7%,35.6%,56.6%,mango and cashew,,"Florida, California, Hawaii, Puerto Rico, and U.S. Virgin Islands",No,1/30/2018
,H,Copitarsia decolora,Copitarsia worm,Arthropod,Low,7.0%,35.0%,58.0%,,,,No,6/25/2021
,H,Darna pallivitta,Nettle Caterpillar,Arthropod,Low,8.0%,37.0%,55.0%,palms,,"Florida, southern California, south Texas, Puerto Rico and the Virgin Islands",Stings homeowners and growers,4/9/2020
,H,Eupoecilia ambiguella,European grape berry moth,Arthropod,Low,9.0%,37.0%,54.0%,grape,,Most states,No,4/3/2020
,H,Heterodera sacchari,Sugarcane Cyst Nematode,Pathogen,Low,0.9%,12.0%,87.1%,"rice, sugarcane",,southeastern region,No,9/12/2018
,H,Icerya seychellarum,scale,Arthropod,Low,2.8%,18.0%,79.2%,"citrus, coconut, breadfruit, Guava, avocado, jackfruit, palms and roses","highly polyphagous, but mainly on tropical/subtropical plants","California, Texas, Louisiana, Florida; small portions of Washington, Oregon, Alabama, Mississippi, Georgia, South Carolina",No,4/24/2015
,H,Leucoptera malifoliella,Pear leaf blister moth,Arthropod,Low,5.4%,29.1%,65.5%,Apple,"Pear, sweey cherry, sour cherry, Chinese chestnut; other Rosaceae",All states,No,10/15/2019
,H,Lymantria dispar japonica,Japanese gypsy moth,Arthropod,Low,7.7%,35.6%,56.6%,Japanese persimmon,,Most states,No,12/6/2019
,H,Lymantria xylina,Casuarina tussock moth,Arthropod,Low,6.0%,31.0%,63.0%,She-oak (Casuarina sp.),"longan, lychee, mango","Florida, Puerto Rico, Hawaii, US Virgin Islands",No,1/13/2020
,H,Massicus raddei,Mountain Oak Longhorned Beetle,Arthropod,Low,7.0%,33.8%,59.3%,oak and chestnut,,Entire United States where host plants are distributed. ,No,3/30/2015
,H,Meloidogyne mali,Apple root-knot nematode,Pathogen,Low,1.7%,20.7%,77.6%,apples;  Morus australis,"polyphagous: soybean, Brassica spp., Ulmus spp., and other grasses, trees, and plants. Meloidogyne mali can infect more than 36 plant genera.",All states,No,8/28/2015
,H,Monilinia polystroma (Monilia polystroma),Asiatic brown rot fungus,Pathogen,Low,3.1%,31.4%,65.5%,"stone fruit , apple, pear, quince",,All states,No,8/26/2015
,H,Monilinia mumecola (Monilia mumecola),Brown root fungus,Pathogen,Low,3.5%,34.0%,62.4%,"peach, Japanese plum, sour cherry, and apricot",Chaenomeles lagenaria,All states,No,8/26/2015
,H,Monochamus galloprovincialis,Pine sawyer beetle,Arthropod,Low,5.4%,29.1%,65.5%,pine,,All states,No,9/1/2020
,H,Monochamus saltuarius,Sakhalin pine sawyer,Arthropod,Low,5.7%,30.0%,64.3%,"pines, spruce, fir, other conifers.",,Entire United States,No,4/1/2015
,H,Monochamus sutor,Small white-marmorated longhorned beetle,Arthropod,Low,6.6%,32.8%,60.5%,Polyphagous on trees,"Infests coniferous forests of different species composition; adults feed (maturation feeding) on the bark of young shoots of cedar, spruce, and other conifers; M. sutor appears in large numbers in spruce, cedar and deciduous forests and in lesser numbers in fir and pine plantations. Picea abies, Pinus sylvestris, Pinus mugo, Pinus nigra, Abies alba, Larix spp.. Pinus densiflora ","Most of the central and northern United States, including Alaska. It is not likely to establish in the Deep south.",No,4/8/2015
,H,Orthotomicus erosus,Mediterranean pine engraver beetle,Arthropod,Low,8.9%,38.4%,52.7%,Pine and other conifers,,Pine forests of southeastern US and California,No,9/12/2018
,H,Paraponychus corderoi ,Chayote Spider Mite,Arthropod,Low,5.0%,24.0%,71.0%,,,,No,6/7/2024
,H,Phytophthora quercina,Oak Decline,Pathogen,Low,3.5%,34.0%,62.4%,oak,,"Eastern US; Texas, Florida, California, Oregon, Tennessee, Illinois, Georgia, South Carolina, North Carolina, and Minnesota",No,9/12/2018
,H,Pissodes castaneus,Small banded pine weevil,Arthropod,Low,9.0%,37.0%,54.0%,pine,"fir, larch, spruce",all states,No,4/1/2020
,H,Pochazia shantungensis,Brown-winged cicada ,Arthropod,Low,5.0%,28.0%,67.0%,,,,No,3/13/2024
,H,Polygraphus proximus,Sakhalin-fir bark beetle,Arthropod,Low,8.5%,37.5%,54.0%,"spruce, fir, also hemlocks ",,"Alaska, all states west of the Rocky Mountains, Minnesota, Wisconsin, Michigan, New England, Mid Atlantic states. Some areas of Northern Alabama and Georgia, Western South and North Carolina .",No,4/1/2015
,H,Pseudocercospora pini-densiflorae,Needle blight of pine,Pathogen,Low,3.3%,32.7%,64.0%,pines,other experimental hosts,All states,No,9/9/2015
,H,Schrankia costaestrigalis,pinion-streaked snout,Arthropod,Low,1.0%,7.0%,92.0%,,,,No,5/15/2024
,H,Sclerophthora rayssiae var. zeae,Brown stripe downy mildew,Pathogen,Low,3.5%,34.0%,62.5%,corn,"crabgrass, sorghum","southern U.S, Hawaii, Puerto Rico and U.S. territories",No,9/12/2018
,H,Scolytus intricatus,European Oak Bark Beetle,Arthropod,Low,5.1%,28.1%,66.7%,"oak and willow, Sorbus species","Betula populifolia, B. lenta, B. nigra, Carpinus caroliniana, Castanea dentata, C. vesca, Prunus pumila, Fagus sylvatica, Eleagnus angustifolia, E. commutata, Aesculus flava, Liquidambar styraciflua, Alnus rugosa, Morus rubra, Juglans microcatpa, Ulmus thomasii, Carpinus sp., Fagus spp., Ostryra sp., Aesculus spp., Alnus glutinosa, Betula verrucosa, B.celtiberica, Populus alba, P. tremula, other Ulmus sp., and Zelkova spp.",All states,No,9/13/2018
,H,Septogloeum sojae,Soybean sleeping blight,Pathogen,Low,1.8%,21.7%,76.4%,soybeans,Other Glycine spp.,"45 states, Mainly grown in Illinois, Indiana, Iowa, Kansas, Michigan, Minnesota, Missouri, Nebraska, Ohio, South Dakota, and Wisconsin",No,8/27/2015
,H,Stenchaetothrips biformis,Rice thrips,Arthropod,Low,3.0%,20.0%,77.0%,,,,No,6/25/2021
,H,Stephanitis typica,Banana lace-wing bug,Arthropod,Low,1.0%,5.0%,95.0%,,,,No,5/15/2024
,H,Sweet potato mild mottle virus,SPMMV,Pathogen,Low,1.0%,13.0%,86.0%,,,,No,5/15/2024
,H,Thecaphora solani,Potato smut,Pathogen,Low,2.0%,25.0%,73.0%,,,,No,7/15/2022
,H,Thekopsora areolata,Cherry spruce rust,Pathogen,Low,2.6%,27.6%,69.9%,chokecherry; spruce (primarily Norway spruce);  Major hosts are Picea spp. (primarily Picea abies) and Prunus spp. (primarily Prunus padus). ,,"All states for spruce and chokecherry, but for primary hosts, then Oregon, Idaho, Washington, Montana, east coast down to North Carolina (including North Carolina) and west to Minnesota (excluding Iowa)",No,8/27/2015
,H,Tibraca limbativentris,Rice stalk stink bug,Arthropod,Low,1.9%,13.4%,84.7%,rice ,"Soybean, tomato, wheat, and other grasses (Poaceae). ","Northern California, eastern Texas, Louisiana, Arkansas, western Mississippi, southeastern Missouri, South Florida",No,4/14/2015
,H,Tortrix viridana,Green Oak Tortrix,Arthropod,Low,5.7%,30.0%,64.3%,oak,,All states,No,9/17/2018
,H,Uromyces gladioli,,Pathogen,Low,2.0%,24.0%,74.0%,,,,No,5/15/2024
,Predicted to be a low impact pest,,,,,,,,,,,,
,I,Acalolepta aesthetica,Queensland Longhorn Beetle,Arthropod,Low,3%,17%,80%,hibiscus,,"California, Texas, Florida",No,8/1/2022
,I,Aceria hibisci,Hibiscus erineum mite,Arthropod,Low,0%,3%,97%,hibiscus,,"California, Texas, Florida",No,7/23/2020
,I,Acrobasis pyrivorella,Pear fruit moth,Arthropod,Low,2.30%,15.20%,82.50%,pear,,"Wherever pears are grown, particularly Washington, Oregon, California, New York, Pennsylvania, Michigan",No,9/6/2019
,I,Aecidium mori,Mulberry leaf rust,Pathogen,Low,1.00%,13.00%,86.00%,mulberry,,All states except Alaska,No,11/2/2020
,I,Aleurocanthus spiniferus,Orange Spiny Whitefly,Arthropod,Low,3.00%,18.00%,79.00%,citrus,"grapes, hibiscus, pears, persimmons, roses","Arizona, California, Florida, Texas and other citrus growing areas",No,7/23/2020
,I,Amasa truncata,Keyhole ambrosia beetle,Arthropod,Low,0.00%,1.00%,99.00%,,,,No,7/14/2022
,I,Apscaviroid apple dimple fruit viroid ,Apple Dimple Fruit Viroid,Pathogen,Low,0.03%,0.40%,99.50%,apple,asymptomatic on pear and fig,"Arizona, California, Colorado, Connecticut, Idaho, Illinois, Indiana, Iowa, Maine, Maryland, Massachusetts, Michigan, Minnesota, Missouri, New Hampshire, New Jersey, New York, North Carolina, Ohio, Oregon, Pennsylvania, Rhode Island, Tennessee, Utah, Vermont, Virginia, Washington, West Virginia, Wisconsin",No,6/11/2019
,I,Archips xylosteanus (A. xylosteana),Variegated golden tortrix,Arthropod,Low,0.2%,1.8%,98.0%,polyphagous on broadleaf trees,"apple, hazelnut, pear, pistachio, Prunus, Rubus",All states,No,9/10/2018
,I,Argyresthia pruniella,Cherry blossom moth,Arthropod,Low,2.6%,17.3%,80.0%,"cherry, plum, and other stone fruits",,Most states,No,5/16/2018
,I,Argyrotaenia ljungiana ,Leaf roller,Arthropod,Low,5.2%,28.1%,66.7%,"apple, grape",,Most states,No,9/19/2019
,I,Blosyrus asellus,Rough sweet potato weevil,Arthropod,Low,0.1%,0.8%,99.1%,sweet potatoes,,"Washington, Oregon, California, Arizona, Texas, Louisiana, Alabama, Mississippi, Georgia, Florida, South Carolina",No,3/11/2015
,I,Brachyplatys subaeneus,Black bean bug,Arthropod,Low,4.0%,23.6%,72.3%,beans & other species in Fabaceae,,"Most states according to hardiness zone distribution, although researchers do not believe it will establish in temperate broadleaf forests of North America. ",No,12/5/2017
,I,Cacopsylla pyrisuga,Pear sucker,Arthropod,Low,1.9%,13.4%,84.7%,pear,,Anywhere pear trees are grown,No,9/6/2019
,I,Candidatus Phytoplasma cynodontis',Bermuda grass white leaf,Pathogen,Low,1.5%,18.6%,79.8%,Bermudagrass and date plum,"Also, coconut, ivy gord, and some other grasses or weeds","44 states and recently mainly grown in Oklahoma, California, New Mexico, and Oregon",No,9/9/2015
,I,‘Candidatus Phytoplasma oryzae’,rice yellow dwarf disease,Pathogen,Low,1.0%,18.0%,81.0%,,,,No,7/15/2022
,I,Candidatus Phytoplasma pini',Pine witches' broom,Pathogen,Low,0.1%,2.2%,97.6%,"pines (Pinus spp., particularly Aleppo pine (Pinus halepensis) and Scot's pine (Pinus sylvestris))",Pinus spp. along with few other trees,"All states for pines, but for particular hosts, New England and Midwest regions as well as California.",No,7/10/2015
,I,Capsicum chlorosis virus,CaCV,Pathogen,Low,0.0%,3.0%,97.0%,,,,No,7/14/2022
,I,Cercospora cocciniae ,,Pathogen,Low,0.0%,0.1%,99.0%,,,,No,6/7/2024
,I,Chlorophorus annularis,Bamboo longhorned beetle,Arthropod,Low,1.6%,11.2%,87.2%,"bamboo (may also infest sugar cane, apple, citrus, cotton, grape)",,Most states,No,9/12/2018
,I,Chlorophorus strobilicola,Pine cone cerambycid,Arthropod,Low,1.1%,8.0%,90.9%,pine,,"Unknown - the only known host, Pinus roxburghii, is not known to occur in the US.",No,9/12/2018
,I,Chrysomyxa abietis,Spruce needle rust,Pathogen,Low,0.0%,2.0%,98.0%,,,,No,6/6/2023
,I,Coleophora perplexella,case-bearer moth,Arthropod,Low,2.0%,15.0%,82.0%,,,,No,5/8/2024
,I,Colletotrichum taiwanense,None,Pathogen,Low,0.0%,0.1%,99.9%,Chinese snowbell (Styrax formosanus),kiwifruit (Actinidia chinensis),"Mostly in California, but also small amounts grown in Alabama, Florida, Georgia, Maryland, Mississippi, North Carolina, Oklahoma, Oregon, South Carolina, Tennesee, Virginia, Washington, Wast Virginia",No,8/27/2015
,I,Cratosomus punctulatus,Citrus borer,Arthropod,Low,0.2%,2.0%,98.0%,Maybe citrus (not well studied or documented),,"California, Arizona, the Gulf of Mexico region, and Florida",No,9/25/2020
,I,"Cytorhabdovirus hordei, Barley yellow striate mosaic virus",BYSMV,Pathogen,Low,0.0%,1.0%,99.0%,,,,No,5/8/2024
,I,Draeculacephala clypeata,Sharp-headed leafhopper,Arthropod,Low,2.0%,9.0%,90.0%,,,,No,7/31/2024
,I,Eggplant mottled dwarf virus,EMDV,Pathogen,Low,0.6%,8.4%,91.0%,"tomato, potato, bell pepper, cucumber, tobacco, wild hosts",,All states,No,11/15/2017
,I,Erwinia pyrifoliae ,Black shoot blight,Pathogen,Low,0.0%,5.0%,95.0%,,,,No,3/19/2024
,I,Eutetranychus orientalis,Citrus Brown Mite,Arthropod,Low,3.8%,22.7%,73.4%,Citrus,"Prunus, Pyrus, Phoenix, Ipomoea. Manihot, Plumeria, Durio, Ricinus, Albezia, Averrhoa, Melia, Euonymus, Toona, Cedrela, Salix",Southern US,No,9/12/2018
,I,Exosoma lusitanicum,daffodil leaf beetle,Arthropod,Low,4.0%,20.0%,76.0%,,,,No,2/29/2024
,I,Frankliniella parvula,Flower thrips,Arthropod,Low,2.0%,10.0%,88.0%,,,,No,6/7/2024
,I,Grapholita inopinata,Manchurian fruit moth,Arthropod,Low,3.6%,21.9%,74.4%,apple,,Most states,No,9/19/2019
,I,Grapholita lobarzewskii,Smaller fruit tortrix moth,Arthropod,Low,2.5%,16.6%,80.9%,"Apple, plum",,Most states,No,9/19/2019
,I,Heterodera latipons,Mediterranean Cereal Cyst Nematode,Pathogen,Low,2.1%,24.0%,74.0%,Cereals,"oats, barley, rye, wheat",Most states,No,9/12/2018
,I,Icerya aegyptiaca,Egyptian fluted scale,Arthropod,Low,4.0%,23.0%,73.0%,"tropical fruits, shade trees, ornamentals",,"Small portions of southern Florida, Texas, Arizona and California",No,1/14/2021
,I,Lema bilineata,Two-lined leaf beetle,Arthropod,Low,0.0%,2.0%,98.0%,,,,No,5/8/2024
,I,Longidorus attenuatus,Needle Nematode,Pathogen,Low,0.3%,0.5%,99.4%,"sugar beet; also barley, potato, and red clover",,"Sugar beet producing states include California, Colorado, Idaho, Michigan, Minnesota, Montana, Nebraska, North Dakota, Oregon, Washington, Wyoming",No,10/2/2017
,I,Meloidogyne luci,None,Pathogen,Low,0.1%,2.2%,97.6%,"potatoes, soybeans, probably other vegetables",,"Most states, particularly those that grow potatoes and soybeans",No,12/11/2017
,I,Meloidogyne minor,Root-knot nematode,Pathogen,Low,0.9%,12.0%,87.1%,potato,turf grass,"Washington (already established), Oregon, California, Idaho, North Dakota, Colorado, Wisconsin, Minnesota, Maine, and Michigan, Texas, Florida, Georgia, Alabama, South Carolina, Oklahoma",No,9/12/2018
,I,Moechotypa diphysis,Oak longicorn beetle,Arthropod,Low,6.0%,25.0%,69.0%,,,,No,2/29/2024
,I,Monosteira unicostata,Poplar lace bug,Arthropod,Low,2.0%,11.0%,87.0%,,,,No,5/8/2024
,I,Neofusicoccum mangiferae,Mango fruit rot,Pathogen,Low,98.4%,1.5%,0.1%,mango,"avocado, grapes","California, Hawaii, Texas, and Florida",Maybe - single report of human pathogenicity after surgery.,9/27/2019
,I,Nysius huttoni,Wheat bug,Arthropod,Low,2.5%,16.6%,80.9%,wheat (Triticum aestivum) ,as multiple species from the Brassica and Trifolium generas.,"Mainly Southern US and Pacific: Washington, Oregon, California, Arizona, Nevada, New Mexico, Texas, Arkansas, Louisiana, Tennessee, Mississippi, Alabama, North Carolina, South Carolina, Georgia, Florida",No,4/2/2015
,I,Otiorhynchus dieckmanni,"Wingless weevil, Olive weevil",Arthropod,Low,0.0%,0.1%,99.9%,ornamental shrubs,"fifteen plant species across nine families. Most commonly reported hosts include Colutea arborescens (Fabaceae) and Ligustrum vulgare (Oleaceae) , and Ligustrum sp.","large portions U.S., especially in southern and coastal states, including parts of Hawaii and Alaska",No,3/5/2015
,I,Oxycarenus lavaterae,Mediterranean Linden Bug,Arthropod,Low,3.0%,19.0%,78.0%,,,,No,5/8/2024
,I,Pammene rhediella,Fruitlet mining tortrix,Arthropod,Low,0.3%,2.0%,97.8%,"apple, plum","cherry, pear","most states, particularly California, Michigan, New York, Oregon, Washington",No,9/19/2019
,I,Penthimiola bella,Citrus leafhopper,Arthropod,Low,1.7%,11.7%,86.6%,citrus and avocado,,"Hawaii, California, Arizona,Texas, Louisiana, Alabama, Flordia",No,4/8/2015
,I,Pityogenes chalcographus,Sixtoothed spruce bark beetle,Arthropod,Low,1.7%,12.2%,86.0%,"conifers, especially spruce",,"Most states, especially Pacific northwest",No,9/27/2019
,I,Potato Virus V,PVV,Pathogen,Low,0.0%,1.0%,99.0%,potato,,All states,No,1/14/2021
,I,Pseudargyrotoza conwagana,common ash moth,Arthropod,Low,1.0%,4.0%,95.0%,,,,No,6/7/2024
,I,Pulvinaria polygonata ,Cottony Citrus Scale,Arthropod,Low,0.0%,2.0%,98.0%,,,,No,7/14/2022
,I,Punctodera chalcoensis,Mexican Corn Cyst Nematode,Pathogen,Low,1.3%,16.8%,81.9%,"corn, teosinte",,All states,No,2/14/2018
,I,Rathayibacter toxicus,Annual ryegrass toxicity,Pathogen,Low,1.6%,19.6%,78.7%,ryegrass (Lolium spp.) and other poaceae frage crops,Avena spp. And other poaceae forage crops,All states,"Y- Produces toxins (i.e. corynetoxins) that are often fatal to sheep cattle, horses, donkeys, pigs, guinea pigs, rats, mice and chickens.  Human health effects have not been documented but the possibility of exerting health effects has not been excluded.  ",9/11/2015
,I,Rhynchites bacchus,Peach weevil,Arthropod,Low,2.9%,18.8%,78.3%,"apple, almond, cherry, plum, peach, apricot, pear, hawthorn",,All states,No,9/19/2019
,I,Schizotetranychus hindustanicus,Hindustan citrus mite,Arthropod,Low,0.0%,3.0%,97.0%,Citrus,,"Alabama, Arizona, California, Florida, Georgia, Hawaii, Louisiana, Mississippi, South Carolina, and Texas",No,1/14/2021
,I,Scolytus amygdali,Almond bark beetle,Arthropod,Low,2.0%,14.0%,94.0%,almond,Prunus and Malus species,Almonds are only produced in California,No,9/19/2019
,I,Septoria passifloricola ,Septoria blotch,Pathogen,Low,0.0%,1.0%,99.0%,,,,No,3/13/2024
,I,Stigmella malella,Banded apple pygmy,Arthropod,Low,5.4%,29.1%,65.5%,Rosaceae (apple),Pear,Most states,No,9/23/2019
,I,Tetranychus abacae,,Arthropod,Low,0.0%,0.3%,99.7%,,,,No,5/15/2024
,I,Tetranychus roseus,Spider mite,Arthropod,Low,1.0%,7.3%,91.7%,Polyphagous,"Arecaceae - Licuala grandis (Vanuatau fan palm), Medemia nobilis (Bismarck palm), Medemia spp. (Palm), and Washingtonia filifera (California fan palm), Dioscoreaceae - Dioscorea cayenensis (yellow guinea yam), and Roaceae - Rosa sp. (Rose), ","Mainly a greenhouse pest; all states at risk. In the enviornment, could probably establish in much of the US. ",No,3/25/2015
,I,Thrips major ,rubus thrips,Arthropod,Low,5.0%,22.0%,73.0%,,,,No,7/31/2024
,I,Tomicus minor,Lesser pine shoot beetle,Arthropod,Low,0.9%,6.6%,92.4%,Pine,,"Pinus spp. are found throughout the United States. Only one of the preferred hosts can be found in the U.S., Pinus sylvestris. Although not native, P. sylvestris grows in the northeastern United States and also Oregon and Washington state",No,9/12/2018
,I,Tospovirus Tomato yellow ring virus,TYRV,Pathogen,Low,0.7%,10.1%,89.2%,"tomato, pepper, potato, soybean, others",,All states,No,11/3/2017
,I,Trypodendron domesticum,European hardwood ambrosia beetle,Arthropod,Low,0.4%,2.8%,96.8%,Secondary pest on hardwood trees,,All continental states including Alaska,No,4/1/2020
,I,Venturia asperata,Apple scab,Pathogen,Low,0.0%,0.5%,99.5%,apple,,Most states,No,9/23/2019
,I,Xylotrechus antilope,None,Arthropod,Low,0.1%,0.5%,99.4%,Oak,,Most states with the exception of the southern portion of Florida and small areas of the north,No,5/8/2020
,I,Xylotrechus rusticus,Gray Tiger Longicorn Beetle,Arthropod,Low,1.0%,5.0%,94.0%,poplar,,All states,No,5/8/2020
,I,Yponomeuta padellus,Cherry Ermine Moth,Arthropod,Low,2.9%,18.8%,78.3%,"serviceberry, hawthorne (Rosaceae)",,"Washington, Oregon, California, Colorado, Utah, Kansas, Missouri, Tennessee, Kentycky, North Carolina, South Carolina, Virginia, Maryland, Pennsylvania",No,11/20/2017
,Undetermined-- Can not be evaluated through OPEP; Pest is not a pest in its native range and has not been introduced outside of native range; or pest has not been introduced outside its native range and closely related species are high impact pests,,,,,,,,,,,,
,J,Alternaria jacinthicola ,,Pathogen,Undetermined,Recently described and lack of confidence in results.,,,,,,No,5/8/2024
,J,Andean potato latent virus,APLV,Pathogen,Undetermined,"Since APLV is not a pest in its native range and has not yet escaped its native range, it is not a good candidate for the OPEP assessment and its potential impact is undetermined.",,,potato,,"Idaho, eastern Washington, Wisconsin, North Dakota",No,11/15/2017
,J,Badnavirus etainflatheobromae ,Cacao swollen shoot virus,Pathogen,Undetermined,Impacts cannot be separated from complex of disease causing viruses.,,,,,,No,5/8/2024
,J,Brachyplatys vahlii,None,Arthropod,Undetermined,Brachyplatys vahlii is native to the Indomalayan region and does not appear to have been introduced outside its native range.,,,cocoa; kudzu,,"No endangered area for cocoa; for kudzu, hardiness zones 9-13",No,11/15/2017
,J,Callidiellum villosulum,Brown fir longhorned beetle,Arthropod,Undetermined,"Because it hasn’t been introduced outside its native range, an OPEP assessment is not appropriate, and the predicted impact category is Undetermined.",,,cypress,,,No,9/23/2019
,J,Cercospora apiicola ,,Pathogen,Undetermined,Lack of information.,,,,,,No,5/8/2024
,J,Chilecomadia valdiviana,Carpenter worm,Arthropod,Undetermined,"Because it hasn’t been introduced outside its native range, an OPEP assessment is not appropriate, and the predicted impact category is Undetermined.",,,polyphagous; most damaging on Eucalyptus spp.,"Polyphagous on hardwoods and fruit trees. In Chile and Argentina, the pest occurs on Salix spp., Salix humboldtiana (=S. chilensis), Ulmus glabra, Nothofagus dombeyi, N. antarctica, N. pumilio, N. alpina, Weinmannia trichosperma, Alnus glutinosa, Trevoa trinervis and Maytenus boaria. Acacia, cherry, olives, apple, quince, loquat and avocado are also reported to be attacked","Most states (except extreme north) are at risk, but greatest risk is southern and coastal states, particularly California and Florida, where eucalyptus species are grown",No,4/14/2015
,J,Citrus leprosis virus C ,CiLV-C,Pathogen,Undetermined,Disqualified assessment due to its status in a complex of viruses. ,,,,,,No,2/16/2024
,J,Colletotrichum jiangxiense,,Pathogen,Undetermined,Recently described and impacts cannot be differentiated from other disease causing pathogens.,,,,,,No,5/8/2024
,J,Cyclocephala lunulata,,Arthropod,Undetermined,"Present in the US, and little indication this species causes significant damage anywhere.",,,,,,No,7/31/2024
,J,Diaporthe tulliensis,,Pathogen,Undetermined,"Recently described species with not enough information to assess. More recent information indicates this species may be more impactful, so should be monitored.",,,,,,No,2/16/2024
,J,Enarmonia formosana,Cherry bark tortrix,Arthropod,Undetermined,Enarmonia formosana is present in Oregon and Washington in the US.,,,"Prunus species (apricot, plum, peach, almond)",,N/A,No,1/13/2020
,J,Fusarium kyushuense,None,Pathogen,Undetermined,"Even though F. kyushuense may pose a minimal risk to plant health, the pathogen may constitute a serious risk for human and animal health. The goal of the Objective Pest Categorization model is to assess the impacts of pests to plant health and therefore does not account for human and animal health factors when determining a risk score. If deemed necessary, accounting for human and animal health impacts would need to be accounted for in a more subjective manner. So, although F. kyushuense may pose a minimal risk to plant health, it may still be considered an important pest to monitor because of its human and animal health impacts.",,,"tobacco, rice, and corn",wheat,All states,"Yes -Produces toxins which cause vomiting, giddiness, and chills in humans.  Causes hypersensitivity pneumonitis (HP) in lab mice and there is an incident where it has been implicated with HP in humans.  Produces aflatoxins B1 and G1 which is abnormal for Fusarium spp.  Also produces nivalenol (NIV), T-2 toxin, and diacetoxyscirpenol (DAS).  Other Fusarium species can cause toxic aleukia which is toxic and causes mortality in humans.  Causes toxicosis in animals when ingested and causes mortality.",8/6/2015
,J,Haplaxius crudus,American palm cixiid,Arthropod,Undetermined,"Haplaxius crudus is present in multiple states and territories in the United States, and is non-reportable at U.S. ports-of-entry.",,,"grasses, palms",,"Already present in at least Florida, Texas, Puerto Rico",No,11/26/2019
,J,Hyalesthes obsoletus,Planthopper,Arthropod,Undetermined,"Because it hasn’t been introduced outside its native range, an OPEP assessment is not appropriate, and the predicted impact category is Undetermined.",,,Polyphagous feeder,,N/A,No,4/1/2020
,J,Lecanicillium aphanocladii,,Pathogen,Undetermined,Present in the US,,,,,,No,2/16/2024
,J,Lymantria albescens,Okinawa gypsy moth,Arthropod,Undetermined,"Because it hasn’t been introduced outside its native range, an OPEP assessment is not appropriate, and the predicted impact category is Undetermined.",,,trees,,N/A,contact dermatitis in humans,12/6/2019
,J,Lymantria postalba,White-winged gypsy moth,Arthropod,Undetermined,"Because it hasn’t been introduced outside its native range, an OPEP assessment is not appropriate, and the predicted impact category is Undetermined.",,,Taiwan fan palm,,N/A,No,12/6/2019
,J,Lymantria umbrosa,Hokkaido gypsy moth,Arthropod,Undetermined,"Because it hasn’t been introduced outside its native range, an OPEP assessment is not appropriate, and the predicted impact category is Undetermined.",,,"Japanese larch, white birch",,N/A,No,12/6/2019
,J,Meloidogyne inornata,None,Pathogen,Undetermined,"Without evidence of introduction to new areas, this pest is categorized as J.",,,tobacco ,"polyphagous: soybean, common bean, coffee, pepper, yacon, tomato, watermelon","All states based on all hosts, but if based on tobacco, then mostly the east, grown in Alabama, Connecticut, Florida, Georgia, Kansas, Kentuky, Maine, Maryland, Massachusetts, Missouri, North Carolina, Ohio, Pennsylvania, South Carolina, Virginia, West Virginia, Wisconsin",No,9/5/2015
,J,Mononychellus tanajoa,,Arthropod,Undetermined,Controversial taxonomy.,,,,,,No,5/8/2024
,J,Phaeobotryon negundinis,,Pathogen,Undetermined,Present in the US and Canada.,,,,,,No,2/16/2024
,J,Puccinia oncospora,,Pathogen,Undetermined,Recently described pathogen and no information on impacts.,,,,,,No,2/16/2024
,J,Raoiella indica,Red palm mite,Arthropod,N/A,Raoiella indica is present in Florida in the US.,,,palms,,N/A,No,5/8/2020
,J,Tomato chlorotic dwarf viroid,TCDVd,Pathogen,Undetermined,Lack of confidence in results.,,,,,,No,12/29/2020
,J,Tomato planta macho viroid,TPMVd,Pathogen,Undetermined,"Without evidence of introduction to new areas, this pest is categorized as J.",,,,,,No,12/29/2020
